1,Einti,snguyen0@bluehost.com
2,Gabtype,cpatterson1@blogspot.com
3,Katz,klane2@cisco.com
4,Voomm,drose3@usnews.com
5,Linktype,driley4@wiley.com
6,Blogspan,jmontgomery5@woothemes.com
7,Lazzy,ahawkins6@google.cn
8,Gevee,mhernandez7@statcounter.com
9,Mita,lporter8@google.fr
10,Linklinks,bperkins9@yelp.com
11,Gabcube,gperkinsa@cnbc.com
12,Quamba,pkellyb@nymag.com
13,Zava,cbellc@chicagotribune.com
14,Flashspan,msimmonsd@histats.com
15,Zoozzy,bmorgane@google.es
16,Realfire,dgonzalezf@google.de
17,Skajo,ahughesg@economist.com
18,Cogibox,jmillerh@geocities.com
19,Zoovu,areyesi@godaddy.com
20,Mynte,cgomezj@weibo.com
21,Skiptube,jadamsk@rakuten.co.jp
22,Dynava,dkennedyl@discovery.com
23,Rhybox,jpowellm@wisc.edu
24,Feedfire,ngordonn@boston.com
25,Vinder,wmartinezo@domainmarket.com
26,Ntags,rwilliamsp@apple.com
27,Demimbu,jlawrenceq@prlog.org
28,Shuffledrive,esimpsonr@g.co
29,Rhyloo,klanes@ifeng.com
30,Rhynyx,lnicholst@mysql.com
31,Yadel,dhicksu@wufoo.com
32,Thoughtbridge,mstonev@abc.net.au
33,DabZ,dfranklinw@homestead.com
34,Fivespan,jcarterx@google.com.au
35,Blogtag,ageorgey@a8.net
36,Eamia,msimpsonz@usgs.gov
37,Flashspan,ccampbell10@home.pl
38,Feedmix,areid11@symantec.com
39,Innotype,phamilton12@goo.ne.jp
40,Blogtags,lray13@cdbaby.com
41,Devify,jbowman14@sciencedaily.com
42,Skimia,tjordan15@eventbrite.com
43,Mita,rhart16@geocities.jp
44,Midel,aarnold17@jigsy.com
45,Skimia,tedwards18@webnode.com
46,Vitz,jduncan19@apache.org
47,Podcat,bhernandez1a@free.fr
48,Voonix,jchavez1b@hatena.ne.jp
49,Realfire,ahudson1c@pen.io
50,Aimbu,agibson1d@sbwire.com
51,Zoomdog,lmoreno1e@state.tx.us
52,Demizz,jshaw1f@google.co.jp
53,Youtags,rcarpenter1g@scientificamerican.com
54,Gabcube,ajohnston1h@furl.net
55,Wordify,mdaniels1i@house.gov
56,Skimia,tporter1j@imdb.com
57,Teklist,lpatterson1k@cyberchimps.com
58,Youopia,dgutierrez1l@gov.uk
59,Wikizz,gporter1m@opensource.org
60,Vinder,aflores1n@independent.co.uk
61,Browsebug,kharvey1o@vimeo.com
62,Voonyx,shanson1p@sbwire.com
63,Vimbo,alarson1q@mediafire.com
64,Meezzy,hrose1r@soundcloud.com
65,Edgepulse,kbradley1s@studiopress.com
66,Ntag,pjenkins1t@paypal.com
67,Myworks,acarter1u@barnesandnoble.com
68,Meetz,tgutierrez1v@t-online.de
69,Vimbo,jkim1w@google.co.uk
70,Aimbo,cberry1x@admin.ch
71,Yodel,phunter1y@cnn.com
72,Kaymbo,mramirez1z@google.cn
73,Wordify,jwoods20@biglobe.ne.jp
74,Mudo,rreid21@shareasale.com
75,Midel,jford22@fema.gov
76,Quinu,dfrazier23@independent.co.uk
77,Twimm,pstanley24@loc.gov
78,Youtags,lking25@mapquest.com
79,Dazzlesphere,tcollins26@senate.gov
80,Zava,swebb27@ebay.co.uk
81,Devify,lrice28@hatena.ne.jp
82,Skiptube,sdunn29@exblog.jp
83,Zava,cjohnston2a@lycos.com
84,Topdrive,kandrews2b@bloglines.com
85,Thoughtstorm,jhansen2c@blogtalkradio.com
86,Topicshots,jpayne2d@yellowpages.com
87,Thoughtsphere,dsimpson2e@wisc.edu
88,Katz,afranklin2f@sakura.ne.jp
89,Feednation,kcampbell2g@wordpress.org
90,Demivee,tgibson2h@statcounter.com
91,Vimbo,jwheeler2i@stanford.edu
92,Minyx,dsimpson2j@patch.com
93,LiveZ,jhughes2k@mozilla.com
94,Camido,mferguson2l@unc.edu
95,Riffwire,erobertson2m@cbsnews.com
96,Skippad,jgraham2n@globo.com
97,Rhybox,tlong2o@yahoo.com
98,Jaxnation,dgonzalez2p@apache.org
99,Bubblebox,wburton2q@1und1.de
100,Browsezoom,gfranklin2r@icq.com
